id,instance,device,method,disappear_at_goal,rand_seed,cost,run_time,comment,method_source,date_edit
1,1.1,1.9,1.2,0,-1,1.4,1.3,NULL,https://github.com/whoenig/libMultiRobotPlanning,2024/6/3 0:00
2,2.1,2.5,2.2,0,-1,2.4,2.3,NULL,https://github.com/whoenig/libMultiRobotPlanning,2024/6/3 0:00
3,3,3.5,3.2,0,-1,3.4,3.3,NULL,https://github.com/whoenig/libMultiRobotPlanning,2024/6/3 0:00
4,2.1,2.5,2.2,0,-1,2.4,2.3,zzz,https://github.com/whoenig/libMultiRobotPlanning,2024/6/10 10:19
5,2.1,2.5,2.2,0,-1,2.4,2.3,NULL,https://github.com/whoenig/libMultiRobotPlanning,2024/6/3 0:00
6,2.1,2.5,2.2,0,-1,2.4,2.3,NULL,https://github.com/whoenig/libMultiRobotPlanning,2024/6/3 0:00
7,2.1,2.5,2.2,0,-1,2.4,2.3,NULL,https://github.com/whoenig/libMultiRobotPlanning,2024/6/3 0:00
8,2.1,2.5,2.2,0,-1,2.4,2.3,NULL,https://github.com/whoenig/libMultiRobotPlanning,2024/6/3 0:00
9,2.1,2.5,2.2,0,-1,2.4,2.3,NULL,https://github.com/whoenig/libMultiRobotPlanning,2024/6/3 0:00
10,444,8,333,0,-1,9,8,jjjj,https://github.com/whoenig/libMultiRobotPlanning,2024/6/8 0:00
11,map_8by8_obst12_agents8_ex0.yaml,12400F,whoenig-origin,0,-1,70,415.86,https://github.com/whoenig/libMultiRobotPlanning,https://github.com/whoenig/libMultiRobotPlanning,2024/6/8 0:00
12,map_8by8_obst12_agents8_ex1.yaml,12400F,whoenig-origin,0,-1,65,233.545,https://github.com/whoenig/libMultiRobotPlanning,https://github.com/whoenig/libMultiRobotPlanning,2024/6/8 0:00
13,map_8by8_obst12_agents8_ex10.yaml,12400F,whoenig-origin,0,-1,59,0.175797,https://github.com/whoenig/libMultiRobotPlanning,https://github.com/whoenig/libMultiRobotPlanning,2024/6/8 0:00
14,map_8by8_obst12_agents8_ex11.yaml,12400F,whoenig-origin,0,-1,56,10.0163,https://github.com/whoenig/libMultiRobotPlanning,https://github.com/whoenig/libMultiRobotPlanning,2024/6/8 0:00
15,map_8by8_obst12_agents8_ex12.yaml,12400F,whoenig-origin,0,-1,60,40.7055,https://github.com/whoenig/libMultiRobotPlanning,https://github.com/whoenig/libMultiRobotPlanning,2024/6/8 0:00
16,map_8by8_obst12_agents8_ex13.yaml,12400F,whoenig-origin,0,-1,67,0.277987,https://github.com/whoenig/libMultiRobotPlanning,https://github.com/whoenig/libMultiRobotPlanning,2024/6/8 0:00
17,map_8by8_obst12_agents8_ex14.yaml,12400F,whoenig-origin,0,-1,44,0.005573,https://github.com/whoenig/libMultiRobotPlanning,https://github.com/whoenig/libMultiRobotPlanning,2024/6/8 0:00
18,map_8by8_obst12_agents8_ex15.yaml,12400F,whoenig-origin,0,-1,29,0.004763,https://github.com/whoenig/libMultiRobotPlanning,https://github.com/whoenig/libMultiRobotPlanning,2024/6/8 0:00
19,map_8by8_obst12_agents8_ex16.yaml,12400F,whoenig-origin,0,-1,52,0.003781,https://github.com/whoenig/libMultiRobotPlanning,https://github.com/whoenig/libMultiRobotPlanning,2024/6/8 0:00
20,map_8by8_obst12_agents8_ex17.yaml,12400F,whoenig-origin,0,-1,60,0.003038,https://github.com/whoenig/libMultiRobotPlanning,https://github.com/whoenig/libMultiRobotPlanning,2024/6/10 19:08
21,map_8by8_obst12_agents8_ex17.yaml,12400F,whoenig-origin,0,-1,60,0.002835,https://github.com/whoenig/libMultiRobotPlanning,https://github.com/whoenig/libMultiRobotPlanning,2024/6/10 19:09
22,map_8by8_obst12_agents8_ex17.yaml,12400F,whoenig-origin,0,-1,60,0.003305,https://github.com/whoenig/libMultiRobotPlanning,https://github.com/whoenig/libMultiRobotPlanning,2024/6/10 19:13
23,map_8by8_obst12_agents8_ex17.yaml,12400F,whoenig-origin,0,-1,60,0.003556,https://github.com/whoenig/libMultiRobotPlanning,https://github.com/whoenig/libMultiRobotPlanning,2024/6/10 19:15
24,map_8by8_obst12_agents8_ex17.yaml,12400F,whoenig-origin,0,-1,60,0.002684,https://github.com/whoenig/libMultiRobotPlanning,https://github.com/whoenig/libMultiRobotPlanning,2024/6/10 19:15
25,map_8by8_obst12_agents8_ex17.yaml,12400F,whoenig-origin,0,-1,60,0.003285,https://github.com/whoenig/libMultiRobotPlanning,https://github.com/whoenig/libMultiRobotPlanning,2024/6/10 19:16
26,map_8by8_obst12_agents8_ex17.yaml,12400F,whoenig-origin,0,-1,60,0.003489,https://github.com/whoenig/libMultiRobotPlanning,https://github.com/whoenig/libMultiRobotPlanning,2024/6/10 19:17
27,map_8by8_obst12_agents8_ex18.yaml,12400F,whoenig-origin,0,-1,45,0.002612,https://github.com/whoenig/libMultiRobotPlanning,https://github.com/whoenig/libMultiRobotPlanning,2024/6/10 19:19
28,map_8by8_obst12_agents8_ex19.yaml,12400F,whoenig-origin,0,-1,39,0.05951,https://github.com/whoenig/libMultiRobotPlanning,https://github.com/whoenig/libMultiRobotPlanning,2024/6/10 19:19
29,map_8by8_obst12_agents8_ex20.yaml,12400F,whoenig-origin,0,-1,54,5.44282,https://github.com/whoenig/libMultiRobotPlanning,https://github.com/whoenig/libMultiRobotPlanning,2024/6/10 19:19
30,map_8by8_obst12_agents8_ex20.yaml,12400F,whoenig-origin,0,-1,54,5.43354,https://github.com/whoenig/libMultiRobotPlanning,https://github.com/whoenig/libMultiRobotPlanning,2024/6/10 19:47
31,map_8by8_obst12_agents8_ex19.yaml,12400F,whoenig-origin,0,-1,39,0.058644,https://github.com/whoenig/libMultiRobotPlanning,https://github.com/whoenig/libMultiRobotPlanning,2024/6/10 19:47
32,map_8by8_obst12_agents8_ex19.yaml,12400F,whoenig-origin,0,-1,39,0.059274,https://github.com/whoenig/libMultiRobotPlanning,https://github.com/whoenig/libMultiRobotPlanning,2024/6/10 19:50
33,map_8by8_obst12_agents8_ex19.yaml,12400F,whoenig-origin,0,-1,39,0.058442,https://github.com/whoenig/libMultiRobotPlanning,https://github.com/whoenig/libMultiRobotPlanning,2024/6/10 19:54
34,map_8by8_obst12_agents8_ex19.yaml,12400F,whoenig-origin,0,-1,39,0.058678,https://github.com/whoenig/libMultiRobotPlanning,https://github.com/whoenig/libMultiRobotPlanning,2024/6/10 19:57
35,map_8by8_obst12_agents8_ex1.yaml,12400F,whoenig-origin,0,-1,65,232.919,https://github.com/whoenig/libMultiRobotPlanning,https://github.com/whoenig/libMultiRobotPlanning,2024/6/13 16:45
36,map_8by8_obst12_agents8_ex1.yaml,12400F,whoenig-origin,0,-1,65,232.983,https://github.com/whoenig/libMultiRobotPlanning,https://github.com/whoenig/libMultiRobotPlanning,2024/6/13 16:57
37,map_8by8_obst12_agents8_ex1.yaml,12400F,whoenig-origin,0,-1,65,232.725,https://github.com/whoenig/libMultiRobotPlanning,https://github.com/whoenig/libMultiRobotPlanning,2024/6/13 18:30
38,map_8by8_obst12_agents8_ex1.yaml,12400F,whoenig-origin,0,-1,65,232.897,https://github.com/whoenig/libMultiRobotPlanning,https://github.com/whoenig/libMultiRobotPlanning,2024/6/13 18:35
39,map_8by8_obst12_agents8_ex2.yaml,12400F,whoenig-origin,0,-1,55,25.5878,https://github.com/whoenig/libMultiRobotPlanning,https://github.com/whoenig/libMultiRobotPlanning,2024/6/13 18:40
40,map_8by8_obst12_agents8_ex2.yaml,12400F,whoenig-origin,0,-1,55,25.5355,https://github.com/whoenig/libMultiRobotPlanning,https://github.com/whoenig/libMultiRobotPlanning,2024/6/13 19:19
41,map_8by8_obst12_agents8_ex2.yaml,12400F,whoenig-origin,0,-1,55,25.6275,https://github.com/whoenig/libMultiRobotPlanning,https://github.com/whoenig/libMultiRobotPlanning,2024/6/13 20:18
42,map_8by8_obst12_agents8_ex2.yaml,12400F,whoenig-origin,0,-1,55,25.5309,https://github.com/whoenig/libMultiRobotPlanning,https://github.com/whoenig/libMultiRobotPlanning,2024/6/13 23:37
43,map_8by8_obst12_agents8_ex2.yaml,12400F,whoenig-origin,0,-1,55,25.5458,https://github.com/whoenig/libMultiRobotPlanning,https://github.com/whoenig/libMultiRobotPlanning,2024/6/13 23:38
44,map_8by8_obst12_agents8_ex3.yaml,12400F,whoenig-origin,0,-1,70,0.013442,https://github.com/whoenig/libMultiRobotPlanning,https://github.com/whoenig/libMultiRobotPlanning,2024/6/13 23:39
45,map_8by8_obst12_agents8_ex3.yaml,12400F,whoenig-origin,0,-1,70,0.013092,https://github.com/whoenig/libMultiRobotPlanning,https://github.com/whoenig/libMultiRobotPlanning,2024/6/13 23:39
46,map_8by8_obst12_agents8_ex3.yaml,12400F,whoenig-origin,0,-1,70,0.013229,https://github.com/whoenig/libMultiRobotPlanning,https://github.com/whoenig/libMultiRobotPlanning,2024/6/13 23:39
47,map_8by8_obst12_agents8_ex3.yaml,12400F,whoenig-origin,0,-1,70,0.013295,https://github.com/whoenig/libMultiRobotPlanning,https://github.com/whoenig/libMultiRobotPlanning,2024/6/13 23:39
48,map_8by8_obst12_agents8_ex3.yaml,12400F,whoenig-origin,0,-1,70,0.019155,https://github.com/whoenig/libMultiRobotPlanning,https://github.com/whoenig/libMultiRobotPlanning,2024/6/13 23:39
49,map_8by8_obst12_agents8_ex4.yaml,12400F,whoenig-origin,0,-1,64,64.5997,https://github.com/whoenig/libMultiRobotPlanning,https://github.com/whoenig/libMultiRobotPlanning,2024/6/13 23:40
50,map_8by8_obst12_agents8_ex4.yaml,12400F,whoenig-origin,0,-1,64,64.4169,https://github.com/whoenig/libMultiRobotPlanning,https://github.com/whoenig/libMultiRobotPlanning,2024/6/13 23:42
51,map_8by8_obst12_agents8_ex4.yaml,12400F,whoenig-origin,0,-1,64,64.4353,https://github.com/whoenig/libMultiRobotPlanning,https://github.com/whoenig/libMultiRobotPlanning,2024/6/13 23:44
52,map_8by8_obst12_agents8_ex4.yaml,12400F,whoenig-origin,0,-1,64,64.6444,https://github.com/whoenig/libMultiRobotPlanning,https://github.com/whoenig/libMultiRobotPlanning,2024/6/13 23:47
53,map_8by8_obst12_agents8_ex4.yaml,12400F,whoenig-origin,0,-1,64,64.3971,https://github.com/whoenig/libMultiRobotPlanning,https://github.com/whoenig/libMultiRobotPlanning,2024/6/13 23:50
54,map_8by8_obst12_agents8_ex5.yaml,12400F,whoenig-origin,0,-1,53,0.003102,https://github.com/whoenig/libMultiRobotPlanning,https://github.com/whoenig/libMultiRobotPlanning,2024/6/13 23:53
55,map_8by8_obst12_agents8_ex5.yaml,12400F,whoenig-origin,0,-1,53,0.00259,https://github.com/whoenig/libMultiRobotPlanning,https://github.com/whoenig/libMultiRobotPlanning,2024/6/13 23:53
56,map_8by8_obst12_agents8_ex5.yaml,12400F,whoenig-origin,0,-1,53,0.003193,https://github.com/whoenig/libMultiRobotPlanning,https://github.com/whoenig/libMultiRobotPlanning,2024/6/13 23:53
57,map_8by8_obst12_agents8_ex5.yaml,12400F,whoenig-origin,0,-1,53,0.003223,https://github.com/whoenig/libMultiRobotPlanning,https://github.com/whoenig/libMultiRobotPlanning,2024/6/13 23:53
58,map_8by8_obst12_agents8_ex5.yaml,12400F,whoenig-origin,0,-1,53,0.002683,https://github.com/whoenig/libMultiRobotPlanning,https://github.com/whoenig/libMultiRobotPlanning,2024/6/13 23:53
59,map_8by8_obst12_agents8_ex6.yaml,12400F,whoenig-origin,0,-1,34,0.003479,https://github.com/whoenig/libMultiRobotPlanning,https://github.com/whoenig/libMultiRobotPlanning,2024/6/13 23:53
60,map_8by8_obst12_agents8_ex6.yaml,12400F,whoenig-origin,0,-1,34,0.003167,https://github.com/whoenig/libMultiRobotPlanning,https://github.com/whoenig/libMultiRobotPlanning,2024/6/13 23:53
61,map_8by8_obst12_agents8_ex6.yaml,12400F,whoenig-origin,0,-1,34,0.002802,https://github.com/whoenig/libMultiRobotPlanning,https://github.com/whoenig/libMultiRobotPlanning,2024/6/13 23:53
62,map_8by8_obst12_agents8_ex6.yaml,12400F,whoenig-origin,0,-1,34,0.003918,https://github.com/whoenig/libMultiRobotPlanning,https://github.com/whoenig/libMultiRobotPlanning,2024/6/13 23:53
63,map_8by8_obst12_agents8_ex6.yaml,12400F,whoenig-origin,0,-1,34,0.003638,https://github.com/whoenig/libMultiRobotPlanning,https://github.com/whoenig/libMultiRobotPlanning,2024/6/13 23:53
64,map_8by8_obst12_agents8_ex7.yaml,12400F,whoenig-origin,0,-1,61,0.021367,https://github.com/whoenig/libMultiRobotPlanning,https://github.com/whoenig/libMultiRobotPlanning,2024/6/13 23:53
65,map_8by8_obst12_agents8_ex7.yaml,12400F,whoenig-origin,0,-1,61,0.021469,https://github.com/whoenig/libMultiRobotPlanning,https://github.com/whoenig/libMultiRobotPlanning,2024/6/13 23:53
66,map_8by8_obst12_agents8_ex7.yaml,12400F,whoenig-origin,0,-1,61,0.027788,https://github.com/whoenig/libMultiRobotPlanning,https://github.com/whoenig/libMultiRobotPlanning,2024/6/13 23:53
67,map_8by8_obst12_agents8_ex7.yaml,12400F,whoenig-origin,0,-1,61,0.021464,https://github.com/whoenig/libMultiRobotPlanning,https://github.com/whoenig/libMultiRobotPlanning,2024/6/13 23:53
68,map_8by8_obst12_agents8_ex7.yaml,12400F,whoenig-origin,0,-1,61,0.027885,https://github.com/whoenig/libMultiRobotPlanning,https://github.com/whoenig/libMultiRobotPlanning,2024/6/13 23:53
69,map_8by8_obst12_agents8_ex8.yaml,12400F,whoenig-origin,0,-1,50,0.002995,https://github.com/whoenig/libMultiRobotPlanning,https://github.com/whoenig/libMultiRobotPlanning,2024/6/13 23:54
70,map_8by8_obst12_agents8_ex8.yaml,12400F,whoenig-origin,0,-1,50,0.002856,https://github.com/whoenig/libMultiRobotPlanning,https://github.com/whoenig/libMultiRobotPlanning,2024/6/13 23:54
71,map_8by8_obst12_agents8_ex8.yaml,12400F,whoenig-origin,0,-1,50,0.004569,https://github.com/whoenig/libMultiRobotPlanning,https://github.com/whoenig/libMultiRobotPlanning,2024/6/13 23:54
72,map_8by8_obst12_agents8_ex8.yaml,12400F,whoenig-origin,0,-1,50,0.003265,https://github.com/whoenig/libMultiRobotPlanning,https://github.com/whoenig/libMultiRobotPlanning,2024/6/13 23:54
73,map_8by8_obst12_agents8_ex8.yaml,12400F,whoenig-origin,0,-1,50,0.002587,https://github.com/whoenig/libMultiRobotPlanning,https://github.com/whoenig/libMultiRobotPlanning,2024/6/13 23:54
74,map_8by8_obst12_agents8_ex9.yaml,12400F,whoenig-origin,0,-1,36,0.002328,https://github.com/whoenig/libMultiRobotPlanning,https://github.com/whoenig/libMultiRobotPlanning,2024/6/13 23:54
75,map_8by8_obst12_agents8_ex9.yaml,12400F,whoenig-origin,0,-1,36,0.002362,https://github.com/whoenig/libMultiRobotPlanning,https://github.com/whoenig/libMultiRobotPlanning,2024/6/13 23:54
76,map_8by8_obst12_agents8_ex9.yaml,12400F,whoenig-origin,0,-1,36,0.002216,https://github.com/whoenig/libMultiRobotPlanning,https://github.com/whoenig/libMultiRobotPlanning,2024/6/13 23:54
77,map_8by8_obst12_agents8_ex9.yaml,12400F,whoenig-origin,0,-1,36,0.002387,https://github.com/whoenig/libMultiRobotPlanning,https://github.com/whoenig/libMultiRobotPlanning,2024/6/13 23:54
78,map_8by8_obst12_agents8_ex9.yaml,12400F,whoenig-origin,0,-1,36,0.002465,https://github.com/whoenig/libMultiRobotPlanning,https://github.com/whoenig/libMultiRobotPlanning,2024/6/13 23:54
79,map_8by8_obst12_agents8_ex10.yaml,12400F,whoenig-origin,0,-1,59,0.177875,https://github.com/whoenig/libMultiRobotPlanning,https://github.com/whoenig/libMultiRobotPlanning,2024/6/13 23:54
80,map_8by8_obst12_agents8_ex10.yaml,12400F,whoenig-origin,0,-1,59,0.177736,https://github.com/whoenig/libMultiRobotPlanning,https://github.com/whoenig/libMultiRobotPlanning,2024/6/13 23:54
81,map_8by8_obst12_agents8_ex10.yaml,12400F,whoenig-origin,0,-1,59,0.177498,https://github.com/whoenig/libMultiRobotPlanning,https://github.com/whoenig/libMultiRobotPlanning,2024/6/13 23:54
82,map_8by8_obst12_agents8_ex10.yaml,12400F,whoenig-origin,0,-1,59,0.177185,https://github.com/whoenig/libMultiRobotPlanning,https://github.com/whoenig/libMultiRobotPlanning,2024/6/13 23:54
83,map_8by8_obst12_agents8_ex11.yaml,12400F,whoenig-origin,0,-1,56,10.0072,https://github.com/whoenig/libMultiRobotPlanning,https://github.com/whoenig/libMultiRobotPlanning,2024/6/13 23:54
84,map_8by8_obst12_agents8_ex11.yaml,12400F,whoenig-origin,0,-1,56,10.0184,https://github.com/whoenig/libMultiRobotPlanning,https://github.com/whoenig/libMultiRobotPlanning,2024/6/13 23:56
85,map_8by8_obst12_agents8_ex11.yaml,12400F,whoenig-origin,0,-1,56,10.0169,https://github.com/whoenig/libMultiRobotPlanning,https://github.com/whoenig/libMultiRobotPlanning,2024/6/13 23:57
86,map_8by8_obst12_agents8_ex11.yaml,12400F,whoenig-origin,0,-1,56,9.98934,https://github.com/whoenig/libMultiRobotPlanning,https://github.com/whoenig/libMultiRobotPlanning,2024/6/13 23:59
87,map_8by8_obst12_agents8_ex12.yaml,12400F,whoenig-origin,0,-1,60,40.8156,https://github.com/whoenig/libMultiRobotPlanning,https://github.com/whoenig/libMultiRobotPlanning,2024/6/14 0:03
88,map_8by8_obst12_agents8_ex12.yaml,12400F,whoenig-origin,0,-1,60,40.8486,https://github.com/whoenig/libMultiRobotPlanning,https://github.com/whoenig/libMultiRobotPlanning,2024/6/14 0:04
89,map_8by8_obst12_agents8_ex12.yaml,12400F,whoenig-origin,0,-1,60,40.7521,https://github.com/whoenig/libMultiRobotPlanning,https://github.com/whoenig/libMultiRobotPlanning,2024/6/14 0:10
90,map_8by8_obst12_agents8_ex12.yaml,12400F,whoenig-origin,0,-1,60,40.7172,https://github.com/whoenig/libMultiRobotPlanning,https://github.com/whoenig/libMultiRobotPlanning,2024/6/14 0:12
91,map_8by8_obst12_agents8_ex13.yaml,12400F,whoenig-origin,0,-1,67,0.279327,https://github.com/whoenig/libMultiRobotPlanning,https://github.com/whoenig/libMultiRobotPlanning,2024/6/14 0:14
92,map_8by8_obst12_agents8_ex13.yaml,12400F,whoenig-origin,0,-1,67,0.279977,https://github.com/whoenig/libMultiRobotPlanning,https://github.com/whoenig/libMultiRobotPlanning,2024/6/14 0:14
93,map_8by8_obst12_agents8_ex13.yaml,12400F,whoenig-origin,0,-1,67,0.278833,https://github.com/whoenig/libMultiRobotPlanning,https://github.com/whoenig/libMultiRobotPlanning,2024/6/14 0:14
94,map_8by8_obst12_agents8_ex13.yaml,12400F,whoenig-origin,0,-1,67,0.28012,https://github.com/whoenig/libMultiRobotPlanning,https://github.com/whoenig/libMultiRobotPlanning,2024/6/14 0:14
95,map_8by8_obst12_agents8_ex14.yaml,12400F,whoenig-origin,0,-1,44,0.007339,https://github.com/whoenig/libMultiRobotPlanning,https://github.com/whoenig/libMultiRobotPlanning,2024/6/14 0:14
96,map_8by8_obst12_agents8_ex14.yaml,12400F,whoenig-origin,0,-1,44,0.007458,https://github.com/whoenig/libMultiRobotPlanning,https://github.com/whoenig/libMultiRobotPlanning,2024/6/14 0:14
97,map_8by8_obst12_agents8_ex14.yaml,12400F,whoenig-origin,0,-1,44,0.01698,https://github.com/whoenig/libMultiRobotPlanning,https://github.com/whoenig/libMultiRobotPlanning,2024/6/14 0:14
98,map_8by8_obst12_agents8_ex14.yaml,12400F,whoenig-origin,0,-1,44,0.006988,https://github.com/whoenig/libMultiRobotPlanning,https://github.com/whoenig/libMultiRobotPlanning,2024/6/14 0:14
99,map_8by8_obst12_agents8_ex15.yaml,12400F,whoenig-origin,0,-1,29,0.006709,https://github.com/whoenig/libMultiRobotPlanning,https://github.com/whoenig/libMultiRobotPlanning,2024/6/14 0:14
100,map_8by8_obst12_agents8_ex15.yaml,12400F,whoenig-origin,0,-1,29,0.006494,https://github.com/whoenig/libMultiRobotPlanning,https://github.com/whoenig/libMultiRobotPlanning,2024/6/14 0:15
101,map_8by8_obst12_agents8_ex15.yaml,12400F,whoenig-origin,0,-1,29,0.006361,https://github.com/whoenig/libMultiRobotPlanning,https://github.com/whoenig/libMultiRobotPlanning,2024/6/14 0:15
102,map_8by8_obst12_agents8_ex15.yaml,12400F,whoenig-origin,0,-1,29,0.006874,https://github.com/whoenig/libMultiRobotPlanning,https://github.com/whoenig/libMultiRobotPlanning,2024/6/14 0:15
103,map_8by8_obst12_agents8_ex16.yaml,12400F,whoenig-origin,0,-1,52,0.005724,https://github.com/whoenig/libMultiRobotPlanning,https://github.com/whoenig/libMultiRobotPlanning,2024/6/14 0:15
104,map_8by8_obst12_agents8_ex16.yaml,12400F,whoenig-origin,0,-1,52,0.005949,https://github.com/whoenig/libMultiRobotPlanning,https://github.com/whoenig/libMultiRobotPlanning,2024/6/14 0:15
105,map_8by8_obst12_agents8_ex16.yaml,12400F,whoenig-origin,0,-1,52,0.005815,https://github.com/whoenig/libMultiRobotPlanning,https://github.com/whoenig/libMultiRobotPlanning,2024/6/14 0:15
106,map_8by8_obst12_agents8_ex16.yaml,12400F,whoenig-origin,0,-1,52,0.005815,https://github.com/whoenig/libMultiRobotPlanning,https://github.com/whoenig/libMultiRobotPlanning,2024/6/14 0:15
107,map_8by8_obst12_agents8_ex18.yaml,12400F,whoenig-origin,0,-1,45,0.00261,https://github.com/whoenig/libMultiRobotPlanning,https://github.com/whoenig/libMultiRobotPlanning,2024/6/14 0:15
108,map_8by8_obst12_agents8_ex18.yaml,12400F,whoenig-origin,0,-1,45,0.002352,https://github.com/whoenig/libMultiRobotPlanning,https://github.com/whoenig/libMultiRobotPlanning,2024/6/14 0:15
109,map_8by8_obst12_agents8_ex18.yaml,12400F,whoenig-origin,0,-1,45,0.002227,https://github.com/whoenig/libMultiRobotPlanning,https://github.com/whoenig/libMultiRobotPlanning,2024/6/14 0:15
110,map_8by8_obst12_agents8_ex18.yaml,12400F,whoenig-origin,0,-1,45,0.002255,https://github.com/whoenig/libMultiRobotPlanning,https://github.com/whoenig/libMultiRobotPlanning,2024/6/14 0:15
111,map_8by8_obst12_agents8_ex20.yaml,12400F,whoenig-origin,0,-1,54,5.43396,https://github.com/whoenig/libMultiRobotPlanning,https://github.com/whoenig/libMultiRobotPlanning,2024/6/14 0:15
112,map_8by8_obst12_agents8_ex20.yaml,12400F,whoenig-origin,0,-1,54,5.43897,https://github.com/whoenig/libMultiRobotPlanning,https://github.com/whoenig/libMultiRobotPlanning,2024/6/14 0:15
113,map_8by8_obst12_agents8_ex20.yaml,12400F,whoenig-origin,0,-1,54,5.44223,https://github.com/whoenig/libMultiRobotPlanning,https://github.com/whoenig/libMultiRobotPlanning,2024/6/14 0:16
114,map_8by8_obst12_agents5_ex1.yaml,12400F,whoenig-origin,0,-1,35,0.00508,https://github.com/whoenig/libMultiRobotPlanning,https://github.com/whoenig/libMultiRobotPlanning,2024/6/14 10:10
115,map_8by8_obst12_agents5_ex2.yaml,12400F,whoenig-origin,0,-1,25,0.002275,https://github.com/whoenig/libMultiRobotPlanning,https://github.com/whoenig/libMultiRobotPlanning,2024/6/14 10:11
116,map_8by8_obst12_agents5_ex1.yaml,12400F,whoenig-origin,0,-1,35,0.005143,https://github.com/whoenig/libMultiRobotPlanning,https://github.com/whoenig/libMultiRobotPlanning,2024/6/14 10:13
117,map_8by8_obst12_agents5_ex1.yaml,12400F,whoenig-origin,0,-1,35,0.004917,https://github.com/whoenig/libMultiRobotPlanning,https://github.com/whoenig/libMultiRobotPlanning,2024/6/14 10:13
118,map_8by8_obst12_agents5_ex1.yaml,12400F,whoenig-origin,0,-1,35,0.005272,https://github.com/whoenig/libMultiRobotPlanning,https://github.com/whoenig/libMultiRobotPlanning,2024/6/14 10:13
119,map_8by8_obst12_agents5_ex1.yaml,12400F,whoenig-origin,0,-1,35,0.004967,https://github.com/whoenig/libMultiRobotPlanning,https://github.com/whoenig/libMultiRobotPlanning,2024/6/14 10:18
120,map_8by8_obst12_agents5_ex12.yaml,12400F,whoenig-origin,0,-1,29,0.000683,https://github.com/whoenig/libMultiRobotPlanning,https://github.com/whoenig/libMultiRobotPlanning,2024/6/14 18:32
121,map_8by8_obst12_agents5_ex12.yaml,12400F,whoenig-origin,0,-1,29,0.002344,https://github.com/whoenig/libMultiRobotPlanning,https://github.com/whoenig/libMultiRobotPlanning,2024/6/14 18:32
122,map_8by8_obst12_agents8_ex12.yaml,12400F,whoenig-origin,1,-1,53,0.004218,https://github.com/whoenig/libMultiRobotPlanning,https://github.com/whoenig/libMultiRobotPlanning,2024/6/14 18:34
123,map_8by8_obst12_agents8_ex12.yaml,12400F,whoenig-origin,1,-1,53,0.00451,https://github.com/whoenig/libMultiRobotPlanning,https://github.com/whoenig/libMultiRobotPlanning,2024/6/14 18:34
124,map_8by8_obst12_agents8_ex12.yaml,12400F,whoenig-origin,1,-1,53,0.004727,https://github.com/whoenig/libMultiRobotPlanning,https://github.com/whoenig/libMultiRobotPlanning,2024/6/14 18:34
125,map_8by8_obst12_agents8_ex12.yaml,12400F,whoenig-origin,1,-1,53,0.008657,https://github.com/whoenig/libMultiRobotPlanning,https://github.com/whoenig/libMultiRobotPlanning,2024/6/14 18:35
126,map_8by8_obst12_agents8_ex12.yaml,12400F,whoenig-origin,1,-1,53,0.004645,https://github.com/whoenig/libMultiRobotPlanning,https://github.com/whoenig/libMultiRobotPlanning,2024/6/14 18:35
127,map_8by8_obst12_agents8_ex11.yaml,12400F,whoenig-origin,1,-1,49,0.01345,https://github.com/whoenig/libMultiRobotPlanning,https://github.com/whoenig/libMultiRobotPlanning,2024/6/14 18:36
128,map_8by8_obst12_agents8_ex1.yaml,12400F,whoenig-origin,1,-1,65,138.837,https://github.com/whoenig/libMultiRobotPlanning,https://github.com/whoenig/libMultiRobotPlanning,2024/6/14 18:44
129,map_8by8_obst12_agents8_ex1.yaml,12400F,whoenig-origin,1,-1,65,138.536,https://github.com/whoenig/libMultiRobotPlanning,https://github.com/whoenig/libMultiRobotPlanning,2024/6/14 18:47
130,map_8by8_obst12_agents8_ex1.yaml,12400F,whoenig-origin,1,-1,65,138.679,https://github.com/whoenig/libMultiRobotPlanning,https://github.com/whoenig/libMultiRobotPlanning,2024/6/14 18:50
131,map_8by8_obst12_agents8_ex1.yaml,12400F,whoenig-origin,1,-1,65,139.156,https://github.com/whoenig/libMultiRobotPlanning,https://github.com/whoenig/libMultiRobotPlanning,2024/6/14 18:53
132,map_8by8_obst12_agents8_ex1.yaml,12400F,whoenig-origin,1,-1,65,138.572,https://github.com/whoenig/libMultiRobotPlanning,https://github.com/whoenig/libMultiRobotPlanning,2024/6/14 18:56
133,map_8by8_obst12_agents8_ex2.yaml,12400F,whoenig-origin,1,-1,47,0.005013,https://github.com/whoenig/libMultiRobotPlanning,https://github.com/whoenig/libMultiRobotPlanning,2024/6/14 19:05
134,map_8by8_obst12_agents8_ex2.yaml,12400F,whoenig-origin,1,-1,47,0.005199,https://github.com/whoenig/libMultiRobotPlanning,https://github.com/whoenig/libMultiRobotPlanning,2024/6/14 19:05
135,map_8by8_obst12_agents8_ex2.yaml,12400F,whoenig-origin,1,-1,47,0.005085,https://github.com/whoenig/libMultiRobotPlanning,https://github.com/whoenig/libMultiRobotPlanning,2024/6/14 19:05
136,map_8by8_obst12_agents8_ex2.yaml,12400F,whoenig-origin,1,-1,47,0.005111,https://github.com/whoenig/libMultiRobotPlanning,https://github.com/whoenig/libMultiRobotPlanning,2024/6/14 19:05
137,map_8by8_obst12_agents8_ex2.yaml,12400F,whoenig-origin,1,-1,47,0.004941,https://github.com/whoenig/libMultiRobotPlanning,https://github.com/whoenig/libMultiRobotPlanning,2024/6/14 19:05
138,map_8by8_obst12_agents8_ex3.yaml,12400F,whoenig-origin,1,-1,70,0.013828,https://github.com/whoenig/libMultiRobotPlanning,https://github.com/whoenig/libMultiRobotPlanning,2024/6/14 19:05
139,map_8by8_obst12_agents8_ex3.yaml,12400F,whoenig-origin,1,-1,70,0.013504,https://github.com/whoenig/libMultiRobotPlanning,https://github.com/whoenig/libMultiRobotPlanning,2024/6/14 19:05
140,map_8by8_obst12_agents8_ex3.yaml,12400F,whoenig-origin,1,-1,70,0.01357,https://github.com/whoenig/libMultiRobotPlanning,https://github.com/whoenig/libMultiRobotPlanning,2024/6/14 19:05
141,map_8by8_obst12_agents8_ex3.yaml,12400F,whoenig-origin,1,-1,70,0.012699,https://github.com/whoenig/libMultiRobotPlanning,https://github.com/whoenig/libMultiRobotPlanning,2024/6/14 19:05
142,map_8by8_obst12_agents8_ex3.yaml,12400F,whoenig-origin,1,-1,70,0.013597,https://github.com/whoenig/libMultiRobotPlanning,https://github.com/whoenig/libMultiRobotPlanning,2024/6/14 19:05
143,map_8by8_obst12_agents8_ex4.yaml,12400F,whoenig-origin,1,-1,57,0.004057,https://github.com/whoenig/libMultiRobotPlanning,https://github.com/whoenig/libMultiRobotPlanning,2024/6/14 19:06
144,map_8by8_obst12_agents8_ex4.yaml,12400F,whoenig-origin,1,-1,57,0.003937,https://github.com/whoenig/libMultiRobotPlanning,https://github.com/whoenig/libMultiRobotPlanning,2024/6/14 19:06
145,map_8by8_obst12_agents8_ex4.yaml,12400F,whoenig-origin,1,-1,57,0.003707,https://github.com/whoenig/libMultiRobotPlanning,https://github.com/whoenig/libMultiRobotPlanning,2024/6/14 19:06
146,map_8by8_obst12_agents8_ex4.yaml,12400F,whoenig-origin,1,-1,57,0.00403,https://github.com/whoenig/libMultiRobotPlanning,https://github.com/whoenig/libMultiRobotPlanning,2024/6/14 19:06
147,map_8by8_obst12_agents8_ex4.yaml,12400F,whoenig-origin,1,-1,57,0.004158,https://github.com/whoenig/libMultiRobotPlanning,https://github.com/whoenig/libMultiRobotPlanning,2024/6/14 19:06
148,map_8by8_obst12_agents8_ex5.yaml,12400F,whoenig-origin,1,-1,53,0.003241,https://github.com/whoenig/libMultiRobotPlanning,https://github.com/whoenig/libMultiRobotPlanning,2024/6/14 19:06
149,map_8by8_obst12_agents8_ex5.yaml,12400F,whoenig-origin,1,-1,53,0.004781,https://github.com/whoenig/libMultiRobotPlanning,https://github.com/whoenig/libMultiRobotPlanning,2024/6/14 19:06
150,map_8by8_obst12_agents8_ex5.yaml,12400F,whoenig-origin,1,-1,53,0.003524,https://github.com/whoenig/libMultiRobotPlanning,https://github.com/whoenig/libMultiRobotPlanning,2024/6/14 19:06
151,map_8by8_obst12_agents8_ex5.yaml,12400F,whoenig-origin,1,-1,53,0.00343,https://github.com/whoenig/libMultiRobotPlanning,https://github.com/whoenig/libMultiRobotPlanning,2024/6/14 19:06
152,map_8by8_obst12_agents8_ex5.yaml,12400F,whoenig-origin,1,-1,53,0.005083,https://github.com/whoenig/libMultiRobotPlanning,https://github.com/whoenig/libMultiRobotPlanning,2024/6/14 19:06
153,map_8by8_obst12_agents8_ex6.yaml,12400F,whoenig-origin,1,-1,33,0.001629,https://github.com/whoenig/libMultiRobotPlanning,https://github.com/whoenig/libMultiRobotPlanning,2024/6/14 19:06
154,map_8by8_obst12_agents8_ex6.yaml,12400F,whoenig-origin,1,-1,33,0.002193,https://github.com/whoenig/libMultiRobotPlanning,https://github.com/whoenig/libMultiRobotPlanning,2024/6/14 19:06
155,map_8by8_obst12_agents8_ex6.yaml,12400F,whoenig-origin,1,-1,33,0.001859,https://github.com/whoenig/libMultiRobotPlanning,https://github.com/whoenig/libMultiRobotPlanning,2024/6/14 19:06
156,map_8by8_obst12_agents8_ex6.yaml,12400F,whoenig-origin,1,-1,33,0.001253,https://github.com/whoenig/libMultiRobotPlanning,https://github.com/whoenig/libMultiRobotPlanning,2024/6/14 19:06
157,map_8by8_obst12_agents8_ex6.yaml,12400F,whoenig-origin,1,-1,33,0.002149,https://github.com/whoenig/libMultiRobotPlanning,https://github.com/whoenig/libMultiRobotPlanning,2024/6/14 19:06
158,map_8by8_obst12_agents8_ex7.yaml,12400F,whoenig-origin,1,-1,60,0.006111,https://github.com/whoenig/libMultiRobotPlanning,https://github.com/whoenig/libMultiRobotPlanning,2024/6/14 19:06
159,map_8by8_obst12_agents8_ex7.yaml,12400F,whoenig-origin,1,-1,60,0.005114,https://github.com/whoenig/libMultiRobotPlanning,https://github.com/whoenig/libMultiRobotPlanning,2024/6/14 19:06
160,map_8by8_obst12_agents8_ex7.yaml,12400F,whoenig-origin,1,-1,60,0.005949,https://github.com/whoenig/libMultiRobotPlanning,https://github.com/whoenig/libMultiRobotPlanning,2024/6/14 19:06
161,map_8by8_obst12_agents8_ex7.yaml,12400F,whoenig-origin,1,-1,60,0.006297,https://github.com/whoenig/libMultiRobotPlanning,https://github.com/whoenig/libMultiRobotPlanning,2024/6/14 19:06
162,map_8by8_obst12_agents8_ex7.yaml,12400F,whoenig-origin,1,-1,60,0.005624,https://github.com/whoenig/libMultiRobotPlanning,https://github.com/whoenig/libMultiRobotPlanning,2024/6/14 19:06
163,map_8by8_obst12_agents8_ex8.yaml,12400F,whoenig-origin,1,-1,50,0.001434,https://github.com/whoenig/libMultiRobotPlanning,https://github.com/whoenig/libMultiRobotPlanning,2024/6/14 19:06
164,map_8by8_obst12_agents8_ex8.yaml,12400F,whoenig-origin,1,-1,50,0.001397,https://github.com/whoenig/libMultiRobotPlanning,https://github.com/whoenig/libMultiRobotPlanning,2024/6/14 19:07
165,map_8by8_obst12_agents8_ex8.yaml,12400F,whoenig-origin,1,-1,50,0.00145,https://github.com/whoenig/libMultiRobotPlanning,https://github.com/whoenig/libMultiRobotPlanning,2024/6/14 19:07
166,map_8by8_obst12_agents8_ex8.yaml,12400F,whoenig-origin,1,-1,50,0.00139,https://github.com/whoenig/libMultiRobotPlanning,https://github.com/whoenig/libMultiRobotPlanning,2024/6/14 19:07
167,map_8by8_obst12_agents8_ex8.yaml,12400F,whoenig-origin,1,-1,50,0.00142,https://github.com/whoenig/libMultiRobotPlanning,https://github.com/whoenig/libMultiRobotPlanning,2024/6/14 19:07
168,map_8by8_obst12_agents8_ex9.yaml,12400F,whoenig-origin,1,-1,36,0.001876,https://github.com/whoenig/libMultiRobotPlanning,https://github.com/whoenig/libMultiRobotPlanning,2024/6/14 19:07
169,map_8by8_obst12_agents8_ex9.yaml,12400F,whoenig-origin,1,-1,36,0.002083,https://github.com/whoenig/libMultiRobotPlanning,https://github.com/whoenig/libMultiRobotPlanning,2024/6/14 19:07
170,map_8by8_obst12_agents8_ex9.yaml,12400F,whoenig-origin,1,-1,36,0.002459,https://github.com/whoenig/libMultiRobotPlanning,https://github.com/whoenig/libMultiRobotPlanning,2024/6/14 19:07
171,map_8by8_obst12_agents8_ex9.yaml,12400F,whoenig-origin,1,-1,36,0.002311,https://github.com/whoenig/libMultiRobotPlanning,https://github.com/whoenig/libMultiRobotPlanning,2024/6/14 19:07
172,map_8by8_obst12_agents8_ex9.yaml,12400F,whoenig-origin,1,-1,36,0.002443,https://github.com/whoenig/libMultiRobotPlanning,https://github.com/whoenig/libMultiRobotPlanning,2024/6/14 19:07
173,map_8by8_obst12_agents8_ex10.yaml,12400F,whoenig-origin,1,-1,55,0.007956,https://github.com/whoenig/libMultiRobotPlanning,https://github.com/whoenig/libMultiRobotPlanning,2024/6/14 19:07
174,map_8by8_obst12_agents8_ex10.yaml,12400F,whoenig-origin,1,-1,55,0.008648,https://github.com/whoenig/libMultiRobotPlanning,https://github.com/whoenig/libMultiRobotPlanning,2024/6/14 19:07
175,map_8by8_obst12_agents8_ex10.yaml,12400F,whoenig-origin,1,-1,55,0.008671,https://github.com/whoenig/libMultiRobotPlanning,https://github.com/whoenig/libMultiRobotPlanning,2024/6/14 19:07
176,map_8by8_obst12_agents8_ex10.yaml,12400F,whoenig-origin,1,-1,55,0.007412,https://github.com/whoenig/libMultiRobotPlanning,https://github.com/whoenig/libMultiRobotPlanning,2024/6/14 19:07
177,map_8by8_obst12_agents8_ex10.yaml,12400F,whoenig-origin,1,-1,55,0.007813,https://github.com/whoenig/libMultiRobotPlanning,https://github.com/whoenig/libMultiRobotPlanning,2024/6/14 19:07
178,map_8by8_obst12_agents8_ex11.yaml,12400F,whoenig-origin,1,-1,49,0.019142,https://github.com/whoenig/libMultiRobotPlanning,https://github.com/whoenig/libMultiRobotPlanning,2024/6/14 19:07
179,map_8by8_obst12_agents8_ex11.yaml,12400F,whoenig-origin,1,-1,49,0.012648,https://github.com/whoenig/libMultiRobotPlanning,https://github.com/whoenig/libMultiRobotPlanning,2024/6/14 19:07
180,map_8by8_obst12_agents8_ex11.yaml,12400F,whoenig-origin,1,-1,49,0.013296,https://github.com/whoenig/libMultiRobotPlanning,https://github.com/whoenig/libMultiRobotPlanning,2024/6/14 19:07
181,map_8by8_obst12_agents8_ex11.yaml,12400F,whoenig-origin,1,-1,49,0.013342,https://github.com/whoenig/libMultiRobotPlanning,https://github.com/whoenig/libMultiRobotPlanning,2024/6/14 19:07
182,map_8by8_obst12_agents8_ex13.yaml,12400F,whoenig-origin,1,-1,65,0.011343,https://github.com/whoenig/libMultiRobotPlanning,https://github.com/whoenig/libMultiRobotPlanning,2024/6/14 19:07
183,map_8by8_obst12_agents8_ex13.yaml,12400F,whoenig-origin,1,-1,65,0.010869,https://github.com/whoenig/libMultiRobotPlanning,https://github.com/whoenig/libMultiRobotPlanning,2024/6/14 19:08
184,map_8by8_obst12_agents8_ex13.yaml,12400F,whoenig-origin,1,-1,65,0.010766,https://github.com/whoenig/libMultiRobotPlanning,https://github.com/whoenig/libMultiRobotPlanning,2024/6/14 19:08
185,map_8by8_obst12_agents8_ex13.yaml,12400F,whoenig-origin,1,-1,65,0.010932,https://github.com/whoenig/libMultiRobotPlanning,https://github.com/whoenig/libMultiRobotPlanning,2024/6/14 19:08
186,map_8by8_obst12_agents8_ex13.yaml,12400F,whoenig-origin,1,-1,65,0.010883,https://github.com/whoenig/libMultiRobotPlanning,https://github.com/whoenig/libMultiRobotPlanning,2024/6/14 19:08
187,map_8by8_obst12_agents8_ex14.yaml,12400F,whoenig-origin,1,-1,44,0.007604,https://github.com/whoenig/libMultiRobotPlanning,https://github.com/whoenig/libMultiRobotPlanning,2024/6/14 19:08
188,map_8by8_obst12_agents8_ex14.yaml,12400F,whoenig-origin,1,-1,44,0.007173,https://github.com/whoenig/libMultiRobotPlanning,https://github.com/whoenig/libMultiRobotPlanning,2024/6/14 19:08
189,map_8by8_obst12_agents8_ex14.yaml,12400F,whoenig-origin,1,-1,44,0.007431,https://github.com/whoenig/libMultiRobotPlanning,https://github.com/whoenig/libMultiRobotPlanning,2024/6/14 19:08
190,map_8by8_obst12_agents8_ex14.yaml,12400F,whoenig-origin,1,-1,44,0.013123,https://github.com/whoenig/libMultiRobotPlanning,https://github.com/whoenig/libMultiRobotPlanning,2024/6/14 19:08
191,map_8by8_obst12_agents8_ex14.yaml,12400F,whoenig-origin,1,-1,44,0.013428,https://github.com/whoenig/libMultiRobotPlanning,https://github.com/whoenig/libMultiRobotPlanning,2024/6/14 19:08
192,map_8by8_obst12_agents8_ex15.yaml,12400F,whoenig-origin,1,-1,28,0.002708,https://github.com/whoenig/libMultiRobotPlanning,https://github.com/whoenig/libMultiRobotPlanning,2024/6/14 19:08
193,map_8by8_obst12_agents8_ex15.yaml,12400F,whoenig-origin,1,-1,28,0.002636,https://github.com/whoenig/libMultiRobotPlanning,https://github.com/whoenig/libMultiRobotPlanning,2024/6/14 19:08
194,map_8by8_obst12_agents8_ex15.yaml,12400F,whoenig-origin,1,-1,28,0.002536,https://github.com/whoenig/libMultiRobotPlanning,https://github.com/whoenig/libMultiRobotPlanning,2024/6/14 19:21
195,map_8by8_obst12_agents8_ex15.yaml,12400F,whoenig-origin,1,-1,28,0.002601,https://github.com/whoenig/libMultiRobotPlanning,https://github.com/whoenig/libMultiRobotPlanning,2024/6/14 19:21
196,map_8by8_obst12_agents8_ex15.yaml,12400F,whoenig-origin,1,-1,28,0.002241,https://github.com/whoenig/libMultiRobotPlanning,https://github.com/whoenig/libMultiRobotPlanning,2024/6/14 19:21
197,map_8by8_obst12_agents8_ex16.yaml,12400F,whoenig-origin,1,-1,52,0.002719,https://github.com/whoenig/libMultiRobotPlanning,https://github.com/whoenig/libMultiRobotPlanning,2024/6/14 19:21
198,map_8by8_obst12_agents8_ex16.yaml,12400F,whoenig-origin,1,-1,52,0.002428,https://github.com/whoenig/libMultiRobotPlanning,https://github.com/whoenig/libMultiRobotPlanning,2024/6/14 19:21
199,map_8by8_obst12_agents8_ex16.yaml,12400F,whoenig-origin,1,-1,52,0.002759,https://github.com/whoenig/libMultiRobotPlanning,https://github.com/whoenig/libMultiRobotPlanning,2024/6/14 19:21
200,map_8by8_obst12_agents8_ex16.yaml,12400F,whoenig-origin,1,-1,52,0.003949,https://github.com/whoenig/libMultiRobotPlanning,https://github.com/whoenig/libMultiRobotPlanning,2024/6/14 19:21
201,map_8by8_obst12_agents8_ex16.yaml,12400F,whoenig-origin,1,-1,52,0.002132,https://github.com/whoenig/libMultiRobotPlanning,https://github.com/whoenig/libMultiRobotPlanning,2024/6/14 19:21
202,map_8by8_obst12_agents8_ex17.yaml,12400F,whoenig-origin,1,-1,60,0.002351,https://github.com/whoenig/libMultiRobotPlanning,https://github.com/whoenig/libMultiRobotPlanning,2024/6/14 19:22
203,map_8by8_obst12_agents8_ex17.yaml,12400F,whoenig-origin,1,-1,60,0.00207,https://github.com/whoenig/libMultiRobotPlanning,https://github.com/whoenig/libMultiRobotPlanning,2024/6/14 19:22
204,map_8by8_obst12_agents8_ex17.yaml,12400F,whoenig-origin,1,-1,60,0.002399,https://github.com/whoenig/libMultiRobotPlanning,https://github.com/whoenig/libMultiRobotPlanning,2024/6/14 19:22
205,map_8by8_obst12_agents8_ex17.yaml,12400F,whoenig-origin,1,-1,60,0.001058,https://github.com/whoenig/libMultiRobotPlanning,https://github.com/whoenig/libMultiRobotPlanning,2024/6/14 19:22
206,map_8by8_obst12_agents8_ex17.yaml,12400F,whoenig-origin,1,-1,60,0.002374,https://github.com/whoenig/libMultiRobotPlanning,https://github.com/whoenig/libMultiRobotPlanning,2024/6/14 19:22
207,map_8by8_obst12_agents8_ex18.yaml,12400F,whoenig-origin,1,-1,45,0.002622,https://github.com/whoenig/libMultiRobotPlanning,https://github.com/whoenig/libMultiRobotPlanning,2024/6/14 19:22
208,map_8by8_obst12_agents8_ex18.yaml,12400F,whoenig-origin,1,-1,45,0.002031,https://github.com/whoenig/libMultiRobotPlanning,https://github.com/whoenig/libMultiRobotPlanning,2024/6/14 19:22
209,map_8by8_obst12_agents8_ex18.yaml,12400F,whoenig-origin,1,-1,45,0.002564,https://github.com/whoenig/libMultiRobotPlanning,https://github.com/whoenig/libMultiRobotPlanning,2024/6/14 19:22
210,map_8by8_obst12_agents8_ex18.yaml,12400F,whoenig-origin,1,-1,45,0.002549,https://github.com/whoenig/libMultiRobotPlanning,https://github.com/whoenig/libMultiRobotPlanning,2024/6/14 19:22
211,map_8by8_obst12_agents8_ex18.yaml,12400F,whoenig-origin,1,-1,45,0.002562,https://github.com/whoenig/libMultiRobotPlanning,https://github.com/whoenig/libMultiRobotPlanning,2024/6/14 19:22
212,map_8by8_obst12_agents8_ex19.yaml,12400F,whoenig-origin,1,-1,32,0.002381,https://github.com/whoenig/libMultiRobotPlanning,https://github.com/whoenig/libMultiRobotPlanning,2024/6/14 19:22
213,map_8by8_obst12_agents8_ex19.yaml,12400F,whoenig-origin,1,-1,32,0.002204,https://github.com/whoenig/libMultiRobotPlanning,https://github.com/whoenig/libMultiRobotPlanning,2024/6/14 19:22
214,map_8by8_obst12_agents8_ex19.yaml,12400F,whoenig-origin,1,-1,32,0.002037,https://github.com/whoenig/libMultiRobotPlanning,https://github.com/whoenig/libMultiRobotPlanning,2024/6/14 19:22
215,map_8by8_obst12_agents8_ex19.yaml,12400F,whoenig-origin,1,-1,32,0.002726,https://github.com/whoenig/libMultiRobotPlanning,https://github.com/whoenig/libMultiRobotPlanning,2024/6/14 19:22
216,map_8by8_obst12_agents8_ex19.yaml,12400F,whoenig-origin,1,-1,32,0.002143,https://github.com/whoenig/libMultiRobotPlanning,https://github.com/whoenig/libMultiRobotPlanning,2024/6/14 19:22
217,map_8by8_obst12_agents8_ex20.yaml,12400F,whoenig-origin,1,-1,51,0.097385,https://github.com/whoenig/libMultiRobotPlanning,https://github.com/whoenig/libMultiRobotPlanning,2024/6/14 19:22
218,map_8by8_obst12_agents8_ex20.yaml,12400F,whoenig-origin,1,-1,51,0.096575,https://github.com/whoenig/libMultiRobotPlanning,https://github.com/whoenig/libMultiRobotPlanning,2024/6/14 19:22
219,map_8by8_obst12_agents8_ex20.yaml,12400F,whoenig-origin,1,-1,51,0.096747,https://github.com/whoenig/libMultiRobotPlanning,https://github.com/whoenig/libMultiRobotPlanning,2024/6/14 19:22
220,map_8by8_obst12_agents8_ex20.yaml,12400F,whoenig-origin,1,-1,51,0.097094,https://github.com/whoenig/libMultiRobotPlanning,https://github.com/whoenig/libMultiRobotPlanning,2024/6/14 19:22
221,map_8by8_obst12_agents8_ex20.yaml,12400F,whoenig-origin,1,-1,51,0.096761,https://github.com/whoenig/libMultiRobotPlanning,https://github.com/whoenig/libMultiRobotPlanning,2024/6/14 19:22
-1,map_8by8_obst12_agents8_ex10.txt,12400F,cbs-mine,0,-1,59,0.144075,NULL,https://github.com/ssfc/conflict-based-search,2024/9/21 15:46
-1,map_8by8_obst12_agents8_ex10.txt,12400F,cbs-mine,0,-1,59,0.132457,NULL,https://github.com/ssfc/conflict-based-search,2024/9/21 15:46
-1,map_8by8_obst12_agents8_ex10.txt,12400F,cbs-mine,0,-1,59,0.132053,NULL,https://github.com/ssfc/conflict-based-search,2024/9/21 15:46
-1,map_8by8_obst12_agents8_ex10.txt,12400F,cbs-mine,0,-1,59,0.131966,NULL,https://github.com/ssfc/conflict-based-search,2024/9/21 15:46
-1,map_8by8_obst12_agents8_ex10.txt,12400F,cbs-mine,0,-1,59,0.132369,NULL,https://github.com/ssfc/conflict-based-search,2024/9/21 15:46
-1,map_8by8_obst12_agents8_ex0.txt,12400F,cbs-mine,0,-1,70,112.972,NULL,https://github.com/ssfc/conflict-based-search,2024/9/21 15:49
-1,map_8by8_obst12_agents8_ex0.txt,12400F,cbs-mine,0,-1,70,113.167,NULL,https://github.com/ssfc/conflict-based-search,2024/9/21 15:52
-1,map_8by8_obst12_agents8_ex0.txt,12400F,cbs-mine,0,-1,70,113.107,NULL,https://github.com/ssfc/conflict-based-search,2024/9/21 15:54
-1,map_8by8_obst12_agents8_ex0.txt,12400F,cbs-mine,0,-1,70,113.09,NULL,https://github.com/ssfc/conflict-based-search,2024/9/21 15:56
-1,map_8by8_obst12_agents8_ex0.txt,12400F,cbs-mine,0,-1,70,113.054,NULL,https://github.com/ssfc/conflict-based-search,2024/9/21 15:58
-1,map_8by8_obst12_agents8_ex1.txt,12400F,cbs-mine,0,-1,65,2.031,NULL,https://github.com/ssfc/conflict-based-search,2024/9/21 15:59
-1,map_8by8_obst12_agents8_ex1.txt,12400F,cbs-mine,0,-1,65,2.03205,NULL,https://github.com/ssfc/conflict-based-search,2024/9/21 15:59
-1,map_8by8_obst12_agents8_ex1.txt,12400F,cbs-mine,0,-1,65,2.03972,NULL,https://github.com/ssfc/conflict-based-search,2024/9/21 15:59
-1,map_8by8_obst12_agents8_ex1.txt,12400F,cbs-mine,0,-1,65,2.0351,NULL,https://github.com/ssfc/conflict-based-search,2024/9/21 15:59
-1,map_8by8_obst12_agents8_ex1.txt,12400F,cbs-mine,0,-1,65,2.03476,NULL,https://github.com/ssfc/conflict-based-search,2024/9/21 15:59
-1,map_8by8_obst12_agents8_ex2.txt,12400F,cbs-mine,0,-1,55,0.354839,NULL,https://github.com/ssfc/conflict-based-search,2024/9/21 15:59
-1,map_8by8_obst12_agents8_ex2.txt,12400F,cbs-mine,0,-1,55,0.3554,NULL,https://github.com/ssfc/conflict-based-search,2024/9/21 16:00
-1,map_8by8_obst12_agents8_ex2.txt,12400F,cbs-mine,0,-1,55,0.354588,NULL,https://github.com/ssfc/conflict-based-search,2024/9/21 16:00
-1,map_8by8_obst12_agents8_ex2.txt,12400F,cbs-mine,0,-1,55,0.354654,NULL,https://github.com/ssfc/conflict-based-search,2024/9/21 16:00
-1,map_8by8_obst12_agents8_ex2.txt,12400F,cbs-mine,0,-1,55,0.3548,NULL,https://github.com/ssfc/conflict-based-search,2024/9/21 16:00
-1,map_8by8_obst12_agents8_ex3.txt,12400F,cbs-mine,0,-1,71,0.026286,NULL,https://github.com/ssfc/conflict-based-search,2024/9/21 16:00
-1,map_8by8_obst12_agents8_ex3.txt,12400F,cbs-mine,0,-1,71,0.026284,NULL,https://github.com/ssfc/conflict-based-search,2024/9/21 16:00
-1,map_8by8_obst12_agents8_ex3.txt,12400F,cbs-mine,0,-1,71,0.026657,NULL,https://github.com/ssfc/conflict-based-search,2024/9/21 16:00
-1,map_8by8_obst12_agents8_ex3.txt,12400F,cbs-mine,0,-1,71,0.026767,NULL,https://github.com/ssfc/conflict-based-search,2024/9/21 16:00
-1,map_8by8_obst12_agents8_ex3.txt,12400F,cbs-mine,0,-1,71,0.026753,NULL,https://github.com/ssfc/conflict-based-search,2024/9/21 16:00
-1,map_8by8_obst12_agents8_ex11.txt,12400F,cbs-mine,0,-1,56,36.1917,NULL,https://github.com/ssfc/conflict-based-search,2024/9/21 18:04
-1,map_8by8_obst12_agents8_ex11.txt,12400F,cbs-mine,0,-1,56,36.1865,NULL,https://github.com/ssfc/conflict-based-search,2024/9/21 18:31
-1,map_8by8_obst12_agents8_ex11.txt,12400F,cbs-mine,0,-1,56,36.1333,NULL,https://github.com/ssfc/conflict-based-search,2024/9/21 18:34
-1,map_8by8_obst12_agents8_ex11.txt,12400F,cbs-mine,0,-1,56,36.2587,NULL,https://github.com/ssfc/conflict-based-search,2024/9/21 18:35
-1,map_8by8_obst12_agents8_ex11.txt,12400F,cbs-mine,0,-1,56,36.2414,NULL,https://github.com/ssfc/conflict-based-search,2024/9/21 18:36
-1,map_8by8_obst12_agents8_ex12.txt,12400F,cbs-mine,0,-1,60,1.63172,NULL,https://github.com/ssfc/conflict-based-search,2024/9/21 18:38
-1,map_8by8_obst12_agents8_ex12.txt,12400F,cbs-mine,0,-1,60,1.61149,NULL,https://github.com/ssfc/conflict-based-search,2024/9/21 18:38
-1,map_8by8_obst12_agents8_ex12.txt,12400F,cbs-mine,0,-1,60,1.61293,NULL,https://github.com/ssfc/conflict-based-search,2024/9/21 18:38
-1,map_8by8_obst12_agents8_ex12.txt,12400F,cbs-mine,0,-1,60,1.61819,NULL,https://github.com/ssfc/conflict-based-search,2024/9/21 18:38
-1,map_8by8_obst12_agents8_ex12.txt,12400F,cbs-mine,0,-1,60,1.61403,NULL,https://github.com/ssfc/conflict-based-search,2024/9/21 18:38
-1,map_8by8_obst12_agents8_ex13.txt,12400F,cbs-mine,0,-1,67,0.030088,NULL,https://github.com/ssfc/conflict-based-search,2024/9/21 18:38
-1,map_8by8_obst12_agents8_ex13.txt,12400F,cbs-mine,0,-1,67,0.017335,NULL,https://github.com/ssfc/conflict-based-search,2024/9/21 18:38
-1,map_8by8_obst12_agents8_ex13.txt,12400F,cbs-mine,0,-1,67,0.016511,NULL,https://github.com/ssfc/conflict-based-search,2024/9/21 18:38
-1,map_8by8_obst12_agents8_ex13.txt,12400F,cbs-mine,0,-1,67,0.017328,NULL,https://github.com/ssfc/conflict-based-search,2024/9/21 18:38
-1,map_8by8_obst12_agents8_ex13.txt,12400F,cbs-mine,0,-1,67,0.0171,NULL,https://github.com/ssfc/conflict-based-search,2024/9/21 18:38
-1,map_8by8_obst12_agents8_ex14.txt,12400F,cbs-mine,0,-1,44,0.017229,NULL,https://github.com/ssfc/conflict-based-search,2024/9/21 18:38
-1,map_8by8_obst12_agents8_ex14.txt,12400F,cbs-mine,0,-1,44,0.017225,NULL,https://github.com/ssfc/conflict-based-search,2024/9/21 18:38
-1,map_8by8_obst12_agents8_ex14.txt,12400F,cbs-mine,0,-1,44,0.01778,NULL,https://github.com/ssfc/conflict-based-search,2024/9/21 18:38
-1,map_8by8_obst12_agents8_ex14.txt,12400F,cbs-mine,0,-1,44,0.017583,NULL,https://github.com/ssfc/conflict-based-search,2024/9/21 18:38
-1,map_8by8_obst12_agents8_ex14.txt,12400F,cbs-mine,0,-1,44,0.017696,NULL,https://github.com/ssfc/conflict-based-search,2024/9/21 18:38
-1,map_8by8_obst12_agents8_ex15.txt,12400F,cbs-mine,0,-1,29,0.012383,NULL,https://github.com/ssfc/conflict-based-search,2024/9/21 18:38
-1,map_8by8_obst12_agents8_ex15.txt,12400F,cbs-mine,0,-1,29,0.012258,NULL,https://github.com/ssfc/conflict-based-search,2024/9/21 18:38
-1,map_8by8_obst12_agents8_ex15.txt,12400F,cbs-mine,0,-1,29,0.012566,NULL,https://github.com/ssfc/conflict-based-search,2024/9/21 18:38
-1,map_8by8_obst12_agents8_ex15.txt,12400F,cbs-mine,0,-1,29,0.012145,NULL,https://github.com/ssfc/conflict-based-search,2024/9/21 18:38
-1,map_8by8_obst12_agents8_ex15.txt,12400F,cbs-mine,0,-1,29,0.012166,NULL,https://github.com/ssfc/conflict-based-search,2024/9/21 18:38
-1,map_8by8_obst12_agents8_ex16.txt,12400F,cbs-mine,0,-1,52,0.003866,NULL,https://github.com/ssfc/conflict-based-search,2024/9/21 18:40
-1,map_8by8_obst12_agents8_ex16.txt,12400F,cbs-mine,0,-1,52,0.003467,NULL,https://github.com/ssfc/conflict-based-search,2024/9/21 18:40
-1,map_8by8_obst12_agents8_ex16.txt,12400F,cbs-mine,0,-1,52,0.003858,NULL,https://github.com/ssfc/conflict-based-search,2024/9/21 18:40
-1,map_8by8_obst12_agents8_ex16.txt,12400F,cbs-mine,0,-1,52,0.004518,NULL,https://github.com/ssfc/conflict-based-search,2024/9/21 18:40
-1,map_8by8_obst12_agents8_ex16.txt,12400F,cbs-mine,0,-1,52,0.004086,NULL,https://github.com/ssfc/conflict-based-search,2024/9/21 18:40
-1,map_8by8_obst12_agents8_ex17.txt,12400F,cbs-mine,0,-1,60,0.00704,NULL,https://github.com/ssfc/conflict-based-search,2024/9/21 18:40
-1,map_8by8_obst12_agents8_ex17.txt,12400F,cbs-mine,0,-1,60,0.007647,NULL,https://github.com/ssfc/conflict-based-search,2024/9/21 18:40
-1,map_8by8_obst12_agents8_ex17.txt,12400F,cbs-mine,0,-1,60,0.007436,NULL,https://github.com/ssfc/conflict-based-search,2024/9/21 18:40
-1,map_8by8_obst12_agents8_ex17.txt,12400F,cbs-mine,0,-1,60,0.006951,NULL,https://github.com/ssfc/conflict-based-search,2024/9/21 18:40
-1,map_8by8_obst12_agents8_ex17.txt,12400F,cbs-mine,0,-1,60,0.007437,NULL,https://github.com/ssfc/conflict-based-search,2024/9/21 18:40
-1,map_8by8_obst12_agents8_ex18.txt,12400F,cbs-mine,0,-1,45,0.002475,NULL,https://github.com/ssfc/conflict-based-search,2024/9/21 18:40
-1,map_8by8_obst12_agents8_ex18.txt,12400F,cbs-mine,0,-1,45,0.002883,NULL,https://github.com/ssfc/conflict-based-search,2024/9/21 18:40
-1,map_8by8_obst12_agents8_ex18.txt,12400F,cbs-mine,0,-1,45,0.003209,NULL,https://github.com/ssfc/conflict-based-search,2024/9/21 18:40
-1,map_8by8_obst12_agents8_ex18.txt,12400F,cbs-mine,0,-1,45,0.002639,NULL,https://github.com/ssfc/conflict-based-search,2024/9/21 18:40
-1,map_8by8_obst12_agents8_ex18.txt,12400F,cbs-mine,0,-1,45,0.002508,NULL,https://github.com/ssfc/conflict-based-search,2024/9/21 18:40
-1,map_8by8_obst12_agents8_ex19.txt,12400F,cbs-mine,0,-1,39,0.106154,NULL,https://github.com/ssfc/conflict-based-search,2024/9/21 18:40
-1,map_8by8_obst12_agents8_ex19.txt,12400F,cbs-mine,0,-1,39,0.105712,NULL,https://github.com/ssfc/conflict-based-search,2024/9/21 18:42
-1,map_8by8_obst12_agents8_ex19.txt,12400F,cbs-mine,0,-1,39,0.106738,NULL,https://github.com/ssfc/conflict-based-search,2024/9/21 18:42
-1,map_8by8_obst12_agents8_ex19.txt,12400F,cbs-mine,0,-1,39,0.106082,NULL,https://github.com/ssfc/conflict-based-search,2024/9/21 18:42
-1,map_8by8_obst12_agents8_ex19.txt,12400F,cbs-mine,0,-1,39,0.106916,NULL,https://github.com/ssfc/conflict-based-search,2024/9/21 18:42
-1,map_8by8_obst12_agents8_ex10.txt,12400F,cbs-mine,0,-1,59,0.837,NULL,https://github.com/ssfc/conflict-based-search,2024-09-22 20:06:52
-1,map_8by8_obst12_agents8_ex10.txt,12400F,cbs-mine,0,-1,59,0.838,NULL,https://github.com/ssfc/conflict-based-search,2024-09-23 00:59:54
-1,map_32by32_obst204_agents30_ex0.txt,12400F,cbs-mine,0,-1,534,2.13529,NULL,https://github.com/ssfc/conflict-based-search,2024-09-25 23:13:28
-1,map_32by32_obst204_agents30_ex0.txt,12400F,cbs-mine,0,-1,534,2.13093,NULL,https://github.com/ssfc/conflict-based-search,2024-09-25 23:13:30
-1,map_32by32_obst204_agents30_ex0.txt,12400F,cbs-mine,0,-1,534,2.13427,NULL,https://github.com/ssfc/conflict-based-search,2024-09-25 23:13:32
-1,map_32by32_obst204_agents30_ex0.txt,12400F,cbs-mine,0,-1,534,2.13172,NULL,https://github.com/ssfc/conflict-based-search,2024-09-25 23:13:35
-1,map_32by32_obst204_agents30_ex0.txt,12400F,cbs-mine,0,-1,534,2.13126,NULL,https://github.com/ssfc/conflict-based-search,2024-09-25 23:13:37
